{"assets/images/archive_screenshot.png":["assets/images/archive_screenshot.png"],"assets/images/balance_image.png":["assets/images/balance_image.png"],"assets/images/balance_screenshot.png":["assets/images/balance_screenshot.png"],"assets/images/category_screenshot.png":["assets/images/category_screenshot.png"],"assets/images/connection_lost.png":["assets/images/connection_lost.png"],"assets/images/google-play-badge.png":["assets/images/google-play-badge.png"],"assets/images/key.png":["assets/images/key.png"],"assets/images/load.png":["assets/images/load.png"],"assets/images/login_screenshot.png":["assets/images/login_screenshot.png"],"assets/images/recovery-password.png":["assets/images/recovery-password.png"],"assets/images/transaction_screenshot.png":["assets/images/transaction_screenshot.png"],"assets/images/walkthrough/en/AddCategory.png":["assets/images/walkthrough/en/AddCategory.png"],"assets/images/walkthrough/en/AddTransaction.png":["assets/images/walkthrough/en/AddTransaction.png"],"assets/images/walkthrough/en/Archive.png":["assets/images/walkthrough/en/Archive.png"],"assets/images/walkthrough/en/Balance.png":["assets/images/walkthrough/en/Balance.png"],"assets/images/walkthrough/en/Login.png":["assets/images/walkthrough/en/Login.png"],"assets/images/walkthrough/en/Settings.png":["assets/images/walkthrough/en/Settings.png"],"assets/images/walkthrough/en/Summary.png":["assets/images/walkthrough/en/Summary.png"],"assets/images/walkthrough/en/Welcome.png":["assets/images/walkthrough/en/Welcome.png"],"assets/images/walkthrough/en/Workspaces.png":["assets/images/walkthrough/en/Workspaces.png"],"assets/images/walkthrough/he/AddCategory.png":["assets/images/walkthrough/he/AddCategory.png"],"assets/images/walkthrough/he/AddTransaction.png":["assets/images/walkthrough/he/AddTransaction.png"],"assets/images/walkthrough/he/Archive.png":["assets/images/walkthrough/he/Archive.png"],"assets/images/walkthrough/he/Balance.png":["assets/images/walkthrough/he/Balance.png"],"assets/images/walkthrough/he/Login.png":["assets/images/walkthrough/he/Login.png"],"assets/images/walkthrough/he/Settings.png":["assets/images/walkthrough/he/Settings.png"],"assets/images/walkthrough/he/Summary.png":["assets/images/walkthrough/he/Summary.png"],"assets/images/walkthrough/he/Welcome.png":["assets/images/walkthrough/he/Welcome.png"],"assets/images/walkthrough/he/Workspaces.png":["assets/images/walkthrough/he/Workspaces.png"],"assets/images/walkthrough/ru/AddCategory.png":["assets/images/walkthrough/ru/AddCategory.png"],"assets/images/walkthrough/ru/AddTransaction.png":["assets/images/walkthrough/ru/AddTransaction.png"],"assets/images/walkthrough/ru/Archive.png":["assets/images/walkthrough/ru/Archive.png"],"assets/images/walkthrough/ru/Balance.png":["assets/images/walkthrough/ru/Balance.png"],"assets/images/walkthrough/ru/Login.png":["assets/images/walkthrough/ru/Login.png"],"assets/images/walkthrough/ru/Settings.png":["assets/images/walkthrough/ru/Settings.png"],"assets/images/walkthrough/ru/Summary.png":["assets/images/walkthrough/ru/Summary.png"],"assets/images/walkthrough/ru/Welcome.png":["assets/images/walkthrough/ru/Welcome.png"],"assets/images/walkthrough/ru/Workspaces.png":["assets/images/walkthrough/ru/Workspaces.png"],"assets/images/wallet.png":["assets/images/wallet.png"],"packages/auth_buttons/images/default/apple.svg":["packages/auth_buttons/images/default/apple.svg"],"packages/auth_buttons/images/default/apple_white.svg":["packages/auth_buttons/images/default/apple_white.svg"],"packages/auth_buttons/images/default/email.svg":["packages/auth_buttons/images/default/email.svg"],"packages/auth_buttons/images/default/email_white.svg":["packages/auth_buttons/images/default/email_white.svg"],"packages/auth_buttons/images/default/facebook.svg":["packages/auth_buttons/images/default/facebook.svg"],"packages/auth_buttons/images/default/facebook_white.svg":["packages/auth_buttons/images/default/facebook_white.svg"],"packages/auth_buttons/images/default/github_black.svg":["packages/auth_buttons/images/default/github_black.svg"],"packages/auth_buttons/images/default/github_white.svg":["packages/auth_buttons/images/default/github_white.svg"],"packages/auth_buttons/images/default/google.svg":["packages/auth_buttons/images/default/google.svg"],"packages/auth_buttons/images/default/huawei.svg":["packages/auth_buttons/images/default/huawei.svg"],"packages/auth_buttons/images/default/huawei_white.svg":["packages/auth_buttons/images/default/huawei_white.svg"],"packages/auth_buttons/images/default/microsoft.svg":["packages/auth_buttons/images/default/microsoft.svg"],"packages/auth_buttons/images/default/twitter.svg":["packages/auth_buttons/images/default/twitter.svg"],"packages/auth_buttons/images/default/twitter_white.svg":["packages/auth_buttons/images/default/twitter_white.svg"],"packages/auth_buttons/images/outlined/apple.svg":["packages/auth_buttons/images/outlined/apple.svg"],"packages/auth_buttons/images/outlined/apple_white.svg":["packages/auth_buttons/images/outlined/apple_white.svg"],"packages/auth_buttons/images/outlined/email.svg":["packages/auth_buttons/images/outlined/email.svg"],"packages/auth_buttons/images/outlined/email_white.svg":["packages/auth_buttons/images/outlined/email_white.svg"],"packages/auth_buttons/images/outlined/facebook.svg":["packages/auth_buttons/images/outlined/facebook.svg"],"packages/auth_buttons/images/outlined/facebook_white.svg":["packages/auth_buttons/images/outlined/facebook_white.svg"],"packages/auth_buttons/images/outlined/github.svg":["packages/auth_buttons/images/outlined/github.svg"],"packages/auth_buttons/images/outlined/github_white.svg":["packages/auth_buttons/images/outlined/github_white.svg"],"packages/auth_buttons/images/outlined/google.svg":["packages/auth_buttons/images/outlined/google.svg"],"packages/auth_buttons/images/outlined/huawei.svg":["packages/auth_buttons/images/outlined/huawei.svg"],"packages/auth_buttons/images/outlined/huawei_white.svg":["packages/auth_buttons/images/outlined/huawei_white.svg"],"packages/auth_buttons/images/outlined/microsoft.svg":["packages/auth_buttons/images/outlined/microsoft.svg"],"packages/auth_buttons/images/outlined/twitter.svg":["packages/auth_buttons/images/outlined/twitter.svg"],"packages/auth_buttons/images/outlined/twitter_white.svg":["packages/auth_buttons/images/outlined/twitter_white.svg"],"packages/auth_buttons/images/secondary/apple.svg":["packages/auth_buttons/images/secondary/apple.svg"],"packages/auth_buttons/images/secondary/email.svg":["packages/auth_buttons/images/secondary/email.svg"],"packages/auth_buttons/images/secondary/facebook.svg":["packages/auth_buttons/images/secondary/facebook.svg"],"packages/auth_buttons/images/secondary/github.svg":["packages/auth_buttons/images/secondary/github.svg"],"packages/auth_buttons/images/secondary/google.svg":["packages/auth_buttons/images/secondary/google.svg"],"packages/auth_buttons/images/secondary/huawei.svg":["packages/auth_buttons/images/secondary/huawei.svg"],"packages/auth_buttons/images/secondary/microsoft.svg":["packages/auth_buttons/images/secondary/microsoft.svg"],"packages/auth_buttons/images/secondary/twitter.svg":["packages/auth_buttons/images/secondary/twitter.svg"],"packages/cupertino_icons/assets/CupertinoIcons.ttf":["packages/cupertino_icons/assets/CupertinoIcons.ttf"],"packages/flutter_signin_button/assets/logos/2.0x/facebook_new.png":["packages/flutter_signin_button/assets/logos/2.0x/facebook_new.png"],"packages/flutter_signin_button/assets/logos/2.0x/google_dark.png":["packages/flutter_signin_button/assets/logos/2.0x/google_dark.png"],"packages/flutter_signin_button/assets/logos/2.0x/google_light.png":["packages/flutter_signin_button/assets/logos/2.0x/google_light.png"],"packages/flutter_signin_button/assets/logos/3.0x/facebook_new.png":["packages/flutter_signin_button/assets/logos/3.0x/facebook_new.png"],"packages/flutter_signin_button/assets/logos/3.0x/google_dark.png":["packages/flutter_signin_button/assets/logos/3.0x/google_dark.png"],"packages/flutter_signin_button/assets/logos/3.0x/google_light.png":["packages/flutter_signin_button/assets/logos/3.0x/google_light.png"],"packages/flutter_signin_button/assets/logos/facebook_new.png":["packages/flutter_signin_button/assets/logos/facebook_new.png","packages/flutter_signin_button/assets/logos/2.0x/facebook_new.png","packages/flutter_signin_button/assets/logos/3.0x/facebook_new.png"],"packages/flutter_signin_button/assets/logos/google_dark.png":["packages/flutter_signin_button/assets/logos/google_dark.png","packages/flutter_signin_button/assets/logos/2.0x/google_dark.png","packages/flutter_signin_button/assets/logos/3.0x/google_dark.png"],"packages/flutter_signin_button/assets/logos/google_light.png":["packages/flutter_signin_button/assets/logos/google_light.png","packages/flutter_signin_button/assets/logos/2.0x/google_light.png","packages/flutter_signin_button/assets/logos/3.0x/google_light.png"],"packages/font_awesome_flutter/lib/fonts/fa-brands-400.ttf":["packages/font_awesome_flutter/lib/fonts/fa-brands-400.ttf"],"packages/font_awesome_flutter/lib/fonts/fa-regular-400.ttf":["packages/font_awesome_flutter/lib/fonts/fa-regular-400.ttf"],"packages/font_awesome_flutter/lib/fonts/fa-solid-900.ttf":["packages/font_awesome_flutter/lib/fonts/fa-solid-900.ttf"]}